{
	"info": {
		"_postman_id": "117cbb8a-cde2-4b66-b726-1084ac733576",
		"name": "Collection-Export-Demo",
		"schema": "https://schema.getpostman.com/json/collection/v2.1.0/collection.json",
		"_exporter_id": "32872458"
	},
	"item": [
		{
			"name": "Openweather-Demo",
			"request": {
				"method": "GET",
				"header": [],
				"url": {
					"raw": "https://api.openweathermap.org/data/2.5/weather?q={{City}}&APPID=86fd0036afa09d17d8e73cd4001978a0",
					"protocol": "https",
					"host": [
						"api",
						"openweathermap",
						"org"
					],
					"path": [
						"data",
						"2.5",
						"weather"
					],
					"query": [
						{
							"key": "q",
							"value": "{{City}}"
						},
						{
							"key": "APPID",
							"value": "86fd0036afa09d17d8e73cd4001978a0"
						}
					]
				}
			},
			"response": []
		}
	]
}